date,product_name,unit_price,quantity,discount,total_sales
2025-08-01,Tablet,81.86,20,25,1227.9
2025-08-01,Smartwatch,154.58,8,10,1112.976
2025-08-01,Tablet,106.1,9,20,763.9200000000001
2025-08-01,Laptop,162.79,19,0,3093.0099999999998
2025-08-01,Monitor,142.03,20,15,2414.5099999999998
2025-08-01,Mouse,86.51,3,15,220.6005
2025-08-01,Charger,116.92,5,25,438.45000000000005
2025-08-01,Laptop,115.56,3,0,346.68
2025-08-01,Headphones,108.66,18,10,1760.292
2025-08-01,Camera,122.0,11,0,1342.0
2025-08-01,Laptop,98.27,15,20,1179.24
2025-08-01,Mouse,71.88,14,0,1006.3199999999999
2025-08-01,Monitor,68.13,6,20,327.024
2025-08-01,Laptop,94.27,8,25,565.62
2025-08-01,Camera,71.16,1,20,56.928
2025-08-01,Smartphone,125.69,19,5,2268.7045
2025-08-01,Smartphone,4.06,5,10,18.27
2025-08-01,Monitor,132.38,8,10,953.136
2025-08-01,Tablet,85.42,18,10,1383.804
2025-08-01,Smartwatch,78.37,16,0,1253.92
2025-08-01,Monitor,106.01,12,0,1272.1200000000001
2025-08-01,Tablet,115.39,11,5,1205.8255
2025-08-01,Keyboard,118.87,20,5,2258.53
2025-08-01,Tablet,135.58,6,5,772.8059999999999
2025-08-01,Smartwatch,37.77,9,25,254.9475
2025-08-01,Laptop,34.78,8,5,264.328
2025-08-01,Laptop,71.22,2,10,128.196
2025-08-01,Smartphone,69.97,11,5,731.1864999999999
2025-08-02,Laptop,19.68,10,20,157.44000000000003
2025-08-02,Headphones,146.31,15,10,1975.1850000000002
2025-08-02,Headphones,62.04,19,30,825.132
2025-08-02,Tablet,62.58,3,10,168.966
2025-08-02,Monitor,103.49,16,10,1490.2559999999999
2025-08-02,Laptop,131.65,14,5,1750.945
2025-08-02,Smartwatch,65.01,4,30,182.028
2025-08-02,Charger,115.71,15,20,1388.52
2025-08-02,Tablet,118.56,15,20,1422.7200000000003
2025-08-02,Smartwatch,135.88,16,20,1739.2640000000001
2025-08-02,Headphones,49.92,12,0,599.04
2025-08-02,Smartwatch,193.81,10,25,1453.5749999999998
2025-08-02,Charger,139.58,1,5,132.601
2025-08-02,Headphones,149.22,14,5,1984.6259999999997
2025-08-02,Tablet,24.24,3,15,61.812
2025-08-02,Monitor,64.28,3,20,154.27200000000002
2025-08-02,Camera,83.93,10,5,797.335
2025-08-02,Headphones,53.89,2,10,97.00200000000001
2025-08-02,Camera,77.38,17,15,1118.141
2025-08-02,Smartwatch,178.23,6,10,962.4419999999999
2025-08-02,Smartwatch,142.62,11,20,1255.0560000000003
2025-08-02,Mouse,93.09,17,0,1582.53
2025-08-02,Smartphone,71.69,5,15,304.6825
2025-08-02,Laptop,6.64,9,0,59.76
2025-08-02,Smartphone,128.83,6,25,579.735
2025-08-02,Tablet,181.43,16,15,2467.448
2025-08-02,Camera,28.89,17,0,491.13
2025-08-02,Monitor,157.46,9,0,1417.14
2025-08-02,Mouse,147.52,7,5,981.008
2025-08-02,Monitor,71.32,5,5,338.7699999999999
2025-08-02,Smartwatch,83.9,5,20,335.6
2025-08-02,Headphones,177.38,5,15,753.865
2025-08-02,Smartphone,141.47,20,0,2829.4
2025-08-02,Charger,101.23,14,0,1417.22
2025-08-02,Smartphone,118.86,18,25,1604.6100000000001
2025-08-03,Charger,80.33,4,0,321.32
2025-08-03,Camera,84.61,15,0,1269.15
2025-08-03,Laptop,59.59,9,5,509.4945
2025-08-03,Smartwatch,130.39,5,30,456.3649999999999
2025-08-03,Headphones,94.26,7,15,560.847
2025-08-03,Camera,100.92,20,20,1614.7200000000003
2025-08-03,Monitor,154.15,8,0,1233.2
2025-08-03,Smartphone,96.4,4,0,385.6
2025-08-03,Charger,108.54,2,5,206.226
2025-08-03,Smartwatch,-1.26,9,20,-9.072000000000001
2025-08-03,Tablet,21.49,16,10,309.45599999999996
2025-08-03,Tablet,113.05,13,25,1102.2375
2025-08-03,Laptop,134.3,4,10,483.4800000000001
2025-08-03,Charger,109.84,8,25,659.04
2025-08-03,Mouse,98.67,1,10,88.803
2025-08-03,Smartwatch,78.95,1,25,59.212500000000006
2025-08-03,Smartwatch,20.8,3,5,59.28
2025-08-03,Monitor,86.77,20,5,1648.6299999999999
2025-08-03,Smartwatch,124.62,10,30,872.34
2025-08-03,Mouse,33.98,20,15,577.6599999999999
2025-08-03,Smartwatch,122.96,6,15,627.096
2025-08-03,Mouse,110.7,11,20,974.1600000000001
2025-08-03,Camera,74.5,17,25,949.875
2025-08-03,Smartphone,12.06,13,0,156.78
2025-08-03,Smartphone,78.97,7,5,525.1505
2025-08-03,Monitor,-62.06,9,10,-502.686
2025-08-03,Monitor,26.82,5,10,120.69
2025-08-03,Keyboard,89.12,17,0,1515.04
2025-08-03,Laptop,123.95,5,0,619.75
2025-08-03,Camera,169.11,9,25,1141.4925000000003
2025-08-03,Charger,141.02,10,15,1198.67
2025-08-03,Keyboard,162.3,9,20,1168.5600000000002
2025-08-03,Smartphone,104.98,20,25,1574.6999999999998
2025-08-03,Laptop,16.53,3,5,47.1105
2025-08-04,Smartphone,158.96,12,0,1907.52
2025-08-04,Laptop,100.26,7,15,596.547
2025-08-04,Mouse,104.88,10,20,839.04
2025-08-04,Tablet,123.11,4,20,393.952
2025-08-04,Smartwatch,137.31,18,15,2100.843
2025-08-04,Smartwatch,136.08,9,0,1224.72
2025-08-04,Tablet,70.53,15,15,899.2575
2025-08-04,Keyboard,88.83,1,20,71.06400000000001
2025-08-04,Mouse,66.14,9,0,595.26
2025-08-04,Headphones,64.84,20,0,1296.8000000000002
2025-08-04,Smartwatch,117.6,2,30,164.64
2025-08-04,Smartwatch,9.76,8,5,74.176
2025-08-04,Headphones,16.95,7,15,100.85249999999999
2025-08-04,Monitor,124.12,18,0,2234.16
2025-08-04,Smartphone,131.03,5,0,655.15
2025-08-04,Keyboard,14.49,11,5,151.4205
2025-08-04,Headphones,115.36,14,30,1130.5279999999998
2025-08-04,Mouse,157.91,7,0,1105.37
2025-08-04,Laptop,139.55,14,0,1953.7000000000003
2025-08-04,Camera,56.8,20,10,1022.4
2025-08-04,Smartphone,188.54,10,5,1791.1299999999999
2025-08-04,Keyboard,78.28,4,5,297.464
2025-08-04,Charger,125.05,16,20,1600.64
2025-08-04,Tablet,58.64,2,25,87.96000000000001
2025-08-04,Mouse,141.27,4,25,423.81000000000006
2025-08-04,Smartphone,123.57,10,20,988.56
2025-08-04,Smartphone,103.01,8,0,824.08
2025-08-04,Smartphone,112.18,5,0,560.9000000000001
2025-08-04,Camera,155.98,15,25,1754.7749999999999
2025-08-04,Charger,135.39,14,20,1516.368
2025-08-04,Tablet,29.23,14,20,327.37600000000003
2025-08-04,Laptop,71.46,19,20,1086.1919999999998
2025-08-04,Smartphone,129.34,12,15,1319.2679999999998
2025-08-04,Headphones,97.49,1,0,97.49
2025-08-04,Keyboard,148.17,10,0,1481.6999999999998
2025-08-04,Laptop,117.86,18,5,2015.406
2025-08-04,Camera,124.05,1,5,117.8475
2025-08-04,Laptop,143.62,3,0,430.86
2025-08-04,Camera,101.42,4,25,304.26
2025-08-04,Laptop,64.78,12,15,660.756
2025-08-05,Monitor,147.76,6,15,753.5759999999999
2025-08-05,Headphones,143.87,20,15,2445.79
2025-08-05,Keyboard,72.23,13,0,938.99
2025-08-05,Smartwatch,122.21,2,10,219.97799999999998
2025-08-05,Laptop,104.11,13,10,1218.087
2025-08-05,Headphones,75.53,12,30,634.452
2025-08-05,Keyboard,172.67,15,20,2072.04
2025-08-05,Keyboard,82.42,4,5,313.19599999999997
2025-08-05,Mouse,104.85,17,20,1425.96
2025-08-05,Keyboard,94.56,16,10,1361.664
2025-08-05,Smartwatch,42.45,10,25,318.375
2025-08-05,Laptop,55.14,15,5,785.745
2025-08-05,Smartphone,132.72,10,25,995.4000000000001
2025-08-05,Keyboard,184.36,18,10,2986.6320000000005
2025-08-05,Smartphone,111.78,7,25,586.845
2025-08-05,Monitor,48.14,7,0,336.98
2025-08-05,Headphones,61.36,9,0,552.24
2025-08-05,Smartwatch,121.48,10,15,1032.58
2025-08-05,Tablet,27.6,17,30,328.44
2025-08-05,Charger,118.08,4,0,472.32
2025-08-05,Monitor,89.89,2,25,134.835
2025-08-05,Smartphone,132.83,1,0,132.83
2025-08-05,Keyboard,226.35,20,10,4074.3
2025-08-05,Laptop,141.1,10,5,1340.45
2025-08-05,Monitor,61.84,2,25,92.76
2025-08-05,Smartwatch,57.66,15,25,648.675
2025-08-05,Mouse,98.26,15,0,1473.9
2025-08-05,Mouse,111.2,7,5,739.4799999999999
2025-08-05,Smartwatch,69.8,9,25,471.15
2025-08-05,Keyboard,96.14,11,0,1057.54
2025-08-05,Headphones,65.35,19,15,1055.4025
2025-08-05,Mouse,66.0,5,0,330.0
2025-08-05,Monitor,71.99,14,20,806.288
2025-08-05,Smartphone,74.14,17,20,1008.3040000000001
2025-08-06,Monitor,90.38,4,20,289.216
2025-08-06,Monitor,142.82,1,10,128.538
2025-08-06,Mouse,132.44,13,30,1205.204
2025-08-06,Mouse,112.8,19,0,2143.2
2025-08-06,Keyboard,141.36,6,15,720.936
2025-08-06,Headphones,51.27,17,0,871.59
2025-08-06,Camera,104.59,12,5,1192.3259999999998
2025-08-06,Monitor,33.59,13,5,414.83650000000006
2025-08-06,Charger,92.78,11,25,765.4350000000001
2025-08-06,Charger,142.88,1,5,135.736
2025-08-06,Camera,155.86,7,0,1091.02
2025-08-06,Charger,72.83,10,30,509.80999999999995
2025-08-06,Smartphone,173.77,10,20,1390.16
2025-08-06,Tablet,124.47,4,10,448.092
2025-08-06,Monitor,96.7,13,10,1131.39
2025-08-06,Headphones,37.61,16,10,541.5840000000001
2025-08-06,Tablet,11.85,10,0,118.5
2025-08-06,Charger,78.01,19,0,1482.19
2025-08-06,Keyboard,68.76,8,0,550.08
2025-08-06,Camera,72.05,1,5,68.44749999999999
2025-08-06,Mouse,87.25,16,15,1186.6
2025-08-06,Charger,139.29,12,0,1671.48
2025-08-06,Laptop,167.78,16,5,2550.256
2025-08-06,Mouse,141.1,18,5,2412.8099999999995
2025-08-06,Charger,172.35,13,25,1680.4125
2025-08-06,Charger,137.57,3,0,412.71
2025-08-06,Mouse,160.33,20,20,2565.2800000000007
2025-08-06,Keyboard,97.22,20,0,1944.4
2025-08-06,Tablet,69.36,17,0,1179.12
2025-08-06,Headphones,85.05,19,0,1615.95
2025-08-06,Smartwatch,67.47,3,10,182.169
2025-08-06,Laptop,151.55,7,15,901.7225000000001
2025-08-06,Headphones,68.84,17,10,1053.252
2025-08-06,Laptop,194.1,10,25,1455.75
2025-08-06,Laptop,183.82,7,10,1158.066
2025-08-06,Smartwatch,57.08,14,15,679.252
2025-08-06,Monitor,39.29,4,30,110.01199999999999
2025-08-06,Headphones,114.85,14,5,1527.5049999999999
2025-08-07,Smartwatch,64.99,19,20,987.848
2025-08-07,Monitor,177.5,5,5,843.125
2025-08-07,Headphones,113.58,14,20,1272.096
2025-08-07,Headphones,63.45,3,25,142.76250000000002
2025-08-07,Monitor,133.11,18,10,2156.3820000000005
2025-08-07,Mouse,114.46,18,30,1442.1959999999997
2025-08-07,Mouse,109.23,15,0,1638.45
2025-08-07,Smartphone,158.97,1,0,158.97
2025-08-07,Smartwatch,187.61,4,30,525.308
2025-08-07,Headphones,64.08,18,20,922.7520000000001
2025-08-07,Laptop,163.58,9,15,1251.387
2025-08-07,Camera,129.2,14,15,1537.4799999999998
2025-08-07,Headphones,131.62,2,5,250.078
2025-08-07,Keyboard,109.34,1,5,103.873
2025-08-07,Mouse,116.44,4,0,465.76
2025-08-07,Headphones,136.29,9,10,1103.9489999999998
2025-08-07,Charger,76.53,9,25,516.5775
2025-08-07,Camera,114.65,1,20,91.72000000000001
2025-08-07,Camera,102.35,4,5,388.92999999999995
2025-08-07,Charger,98.02,17,10,1499.706
2025-08-07,Mouse,23.84,9,0,214.56
2025-08-07,Tablet,192.45,14,15,2290.1549999999997
2025-08-07,Smartwatch,129.53,16,0,2072.48
2025-08-07,Smartphone,231.62,2,0,463.24
2025-08-07,Headphones,108.73,2,30,152.222
2025-08-07,Tablet,71.16,19,20,1081.632
2025-08-07,Tablet,87.55,18,5,1497.1049999999998
2025-08-07,Smartwatch,97.53,7,0,682.71
2025-08-07,Headphones,38.46,5,0,192.3
2025-08-07,Camera,131.93,13,10,1543.5810000000001
2025-08-07,Charger,109.95,15,5,1566.7875
2025-08-07,Mouse,76.06,19,20,1156.112
2025-08-07,Charger,61.63,18,0,1109.3400000000001
2025-08-07,Charger,163.88,10,10,1474.92
2025-08-07,Tablet,99.82,3,0,299.46
2025-08-07,Headphones,116.62,12,5,1329.468
2025-08-08,Camera,106.41,8,10,766.152
2025-08-08,Monitor,-3.67,2,25,-5.505
2025-08-08,Smartwatch,79.6,5,0,398.0
2025-08-08,Charger,87.55,3,5,249.51749999999996
2025-08-08,Camera,105.55,9,15,807.4574999999999
2025-08-08,Smartwatch,151.59,6,5,864.0629999999999
2025-08-08,Smartphone,148.78,4,25,446.34000000000003
2025-08-08,Tablet,117.85,13,0,1532.05
2025-08-08,Charger,105.68,14,10,1331.568
2025-08-08,Headphones,102.4,4,0,409.6
2025-08-08,Charger,82.87,15,5,1180.8975
2025-08-08,Tablet,101.44,18,5,1734.624
2025-08-08,Smartphone,112.47,7,15,669.1964999999999
2025-08-08,Smartwatch,141.16,1,5,134.102
2025-08-08,Charger,95.54,19,0,1815.2600000000002
2025-08-08,Charger,22.47,11,0,247.17
2025-08-08,Laptop,112.72,9,5,963.756
2025-08-08,Camera,120.67,18,15,1846.251
2025-08-08,Smartwatch,54.53,16,0,872.48
2025-08-08,Mouse,130.71,2,0,261.42
2025-08-08,Tablet,176.15,11,30,1356.355
2025-08-08,Laptop,35.5,8,5,269.8
2025-08-08,Camera,71.8,2,5,136.42
2025-08-08,Mouse,76.83,9,5,656.8965
2025-08-08,Camera,2.4,11,0,26.4
2025-08-08,Mouse,140.68,12,10,1519.344
2025-08-08,Tablet,163.92,1,0,163.92
2025-08-08,Keyboard,91.94,7,10,579.222
2025-08-08,Mouse,138.02,8,5,1048.952
2025-08-08,Keyboard,94.22,18,0,1695.96
2025-08-08,Smartwatch,55.52,7,0,388.64000000000004
2025-08-08,Mouse,26.07,7,0,182.49
2025-08-09,Smartwatch,111.19,9,20,800.5680000000001
2025-08-09,Smartwatch,178.28,4,0,713.12
2025-08-09,Smartphone,147.96,3,10,399.492
2025-08-09,Smartphone,67.42,2,0,134.84
2025-08-09,Tablet,86.36,3,10,233.172
2025-08-09,Headphones,28.46,15,0,426.90000000000003
2025-08-09,Smartphone,29.63,10,0,296.3
2025-08-09,Tablet,156.78,5,5,744.7049999999999
2025-08-09,Smartphone,134.08,7,30,656.992
2025-08-09,Mouse,87.94,10,0,879.4
2025-08-09,Charger,85.91,17,0,1460.47
2025-08-09,Charger,152.69,14,25,1603.245
2025-08-09,Smartwatch,105.47,9,10,854.307
2025-08-09,Keyboard,137.88,9,20,992.7360000000001
2025-08-09,Camera,123.66,6,20,593.5680000000001
2025-08-09,Headphones,59.21,15,15,754.9275
2025-08-09,Camera,128.54,16,0,2056.64
2025-08-09,Monitor,32.42,4,20,103.74400000000001
2025-08-09,Monitor,77.68,5,10,349.56000000000006
2025-08-09,Mouse,-23.58,10,0,-235.79999999999998
2025-08-09,Tablet,112.1,12,5,1277.9399999999998
2025-08-09,Mouse,100.92,6,10,544.968
2025-08-09,Tablet,71.21,9,20,512.712
2025-08-09,Smartphone,184.82,12,25,1663.38
2025-08-09,Camera,131.09,11,5,1369.8905
2025-08-09,Headphones,116.14,12,5,1323.996
2025-08-09,Smartphone,198.24,2,15,337.008
2025-08-10,Laptop,116.21,13,10,1359.6570000000002
2025-08-10,Smartwatch,126.1,18,10,2042.8199999999997
2025-08-10,Keyboard,98.37,16,0,1573.92
2025-08-10,Charger,172.56,2,5,327.864
2025-08-10,Monitor,207.66,7,0,1453.62
2025-08-10,Charger,133.98,4,0,535.92
2025-08-10,Camera,117.06,18,0,2107.08
2025-08-10,Camera,40.84,15,10,551.34
2025-08-10,Charger,192.61,12,0,2311.32
2025-08-10,Tablet,132.57,2,25,198.855
2025-08-10,Laptop,117.09,6,20,562.032
2025-08-10,Smartwatch,163.88,3,25,368.73
2025-08-10,Headphones,112.99,15,0,1694.85
2025-08-10,Camera,85.94,10,0,859.4
2025-08-10,Smartwatch,152.21,10,0,1522.1000000000001
2025-08-10,Charger,47.11,13,0,612.43
2025-08-10,Camera,194.84,11,0,2143.2400000000002
2025-08-10,Monitor,177.56,6,5,1012.0920000000001
2025-08-10,Smartwatch,77.72,17,5,1255.1779999999999
2025-08-10,Smartphone,192.34,3,15,490.467
2025-08-10,Smartwatch,51.21,8,0,409.68
2025-08-10,Laptop,-3.37,13,0,-43.81
2025-08-10,Charger,63.71,8,5,484.19599999999997
2025-08-10,Monitor,209.49,7,0,1466.43
2025-08-10,Smartphone,236.01,16,10,3398.544
2025-08-10,Smartphone,24.03,11,10,237.89700000000005
2025-08-10,Charger,74.9,9,0,674.1
2025-08-10,Smartphone,105.87,16,15,1439.832
2025-08-10,Charger,158.16,5,0,790.8
2025-08-10,Smartphone,60.37,1,20,48.296
2025-08-10,Charger,-32.55,8,0,-260.4
2025-08-10,Charger,47.04,1,20,37.632
2025-08-10,Laptop,46.11,6,0,276.65999999999997
2025-08-10,Keyboard,214.94,18,30,2708.2439999999997
2025-08-10,Laptop,56.94,6,0,341.64
2025-08-10,Tablet,149.13,7,0,1043.9099999999999
2025-08-10,Keyboard,153.33,6,10,827.9820000000001
2025-08-10,Headphones,98.79,19,10,1689.3090000000002
2025-08-10,Smartphone,35.25,13,0,458.25
2025-08-10,Smartphone,80.61,10,15,685.185
2025-08-11,Mouse,95.89,19,25,1366.4325000000001
2025-08-11,Monitor,187.74,7,5,1248.471
2025-08-11,Charger,125.72,8,25,754.3199999999999
2025-08-11,Charger,128.49,8,5,976.524
2025-08-11,Tablet,64.62,14,0,904.6800000000001
2025-08-11,Camera,109.9,19,30,1461.6699999999998
2025-08-11,Headphones,100.7,7,30,493.42999999999995
2025-08-11,Camera,146.91,3,10,396.65700000000004
2025-08-11,Keyboard,187.77,17,20,2553.6720000000005
2025-08-11,Keyboard,161.89,1,0,161.89
2025-08-11,Smartphone,29.58,19,10,505.818
2025-08-11,Smartphone,111.71,15,15,1424.3024999999998
2025-08-11,Monitor,222.77,3,15,568.0635000000001
2025-08-11,Mouse,112.88,3,5,321.70799999999997
2025-08-11,Smartphone,179.66,8,0,1437.28
2025-08-11,Mouse,78.0,12,0,936.0
2025-08-11,Keyboard,14.34,3,0,43.019999999999996
2025-08-11,Headphones,98.12,8,15,667.216
2025-08-11,Smartphone,64.9,14,5,863.1700000000001
2025-08-11,Charger,131.28,18,10,2126.736
2025-08-11,Laptop,48.94,7,0,342.58
2025-08-11,Headphones,114.05,15,0,1710.75
2025-08-11,Camera,193.29,6,0,1159.74
2025-08-11,Smartphone,109.83,19,0,2086.77
2025-08-11,Mouse,109.09,10,10,981.8100000000001
2025-08-11,Monitor,88.29,6,0,529.74
2025-08-11,Laptop,168.43,8,20,1077.952
2025-08-11,Keyboard,171.03,13,15,1889.8814999999997
2025-08-11,Laptop,24.84,13,0,322.92
2025-08-11,Monitor,75.62,7,10,476.40600000000006
2025-08-11,Smartwatch,49.39,5,0,246.95
2025-08-11,Smartwatch,87.98,2,15,149.566
2025-08-11,Tablet,119.01,4,20,380.83200000000005
2025-08-11,Charger,123.68,20,5,2349.92
2025-08-11,Tablet,71.81,16,5,1091.512
2025-08-11,Keyboard,57.2,18,0,1029.6000000000001
2025-08-11,Smartwatch,79.94,3,20,191.856
2025-08-11,Keyboard,57.14,10,5,542.8299999999999
2025-08-11,Headphones,72.66,5,25,272.47499999999997
2025-08-11,Monitor,146.78,14,0,2054.92
2025-08-11,Smartwatch,132.27,20,5,2513.13
2025-08-11,Laptop,40.11,20,30,561.54
2025-08-12,Camera,178.96,9,0,1610.64
2025-08-12,Headphones,59.89,2,10,107.802
2025-08-12,Mouse,73.45,11,20,646.3600000000001
2025-08-12,Charger,73.51,16,0,1176.16
2025-08-12,Headphones,73.77,10,10,663.93
2025-08-12,Smartwatch,39.45,14,10,497.07000000000005
2025-08-12,Monitor,86.56,11,5,904.552
2025-08-12,Headphones,-9.94,2,10,-17.892
2025-08-12,Smartwatch,103.38,2,10,186.084
2025-08-12,Laptop,131.64,6,20,631.872
2025-08-12,Monitor,28.49,6,30,119.65799999999999
2025-08-12,Tablet,31.12,4,25,93.36
2025-08-12,Tablet,228.0,16,5,3465.6
2025-08-12,Tablet,80.39,5,25,301.4625
2025-08-12,Keyboard,165.36,17,5,2670.5640000000003
2025-08-12,Monitor,88.95,13,10,1040.7150000000001
2025-08-12,Headphones,58.55,20,0,1171.0
2025-08-12,Keyboard,114.0,13,30,1037.3999999999999
2025-08-12,Monitor,159.45,17,20,2168.52
2025-08-12,Mouse,58.97,12,0,707.64
2025-08-12,Monitor,49.79,20,10,896.22
2025-08-12,Keyboard,91.64,4,5,348.23199999999997
2025-08-12,Headphones,135.65,8,30,759.64
2025-08-12,Monitor,97.22,10,30,680.54
2025-08-12,Laptop,88.71,16,20,1135.488
2025-08-12,Headphones,76.89,20,25,1153.35
2025-08-12,Keyboard,192.33,1,0,192.33
2025-08-12,Headphones,43.86,16,0,701.76
2025-08-12,Monitor,104.81,16,10,1509.2640000000001
2025-08-12,Laptop,92.41,16,5,1404.6319999999998
2025-08-12,Monitor,89.85,18,5,1536.435
2025-08-12,Smartwatch,138.37,6,0,830.22
2025-08-12,Headphones,100.51,15,10,1356.8850000000002
2025-08-12,Headphones,152.92,5,20,611.68
2025-08-12,Smartphone,126.49,19,5,2283.1445
2025-08-12,Tablet,189.79,20,20,3036.64
2025-08-12,Charger,109.83,12,10,1186.164
2025-08-12,Monitor,195.47,3,0,586.41
2025-08-12,Keyboard,178.98,11,10,1771.902
2025-08-12,Charger,73.47,2,15,124.899
2025-08-12,Headphones,61.35,9,10,496.935
2025-08-13,Smartwatch,137.77,14,15,1639.4630000000002
2025-08-13,Smartphone,145.77,8,0,1166.16
2025-08-13,Tablet,95.16,15,0,1427.3999999999999
2025-08-13,Charger,110.96,16,0,1775.36
2025-08-13,Charger,152.86,9,10,1238.1660000000002
2025-08-13,Smartwatch,42.08,6,25,189.35999999999999
2025-08-13,Headphones,167.27,18,5,2860.317
2025-08-13,Laptop,222.29,9,15,1700.5185
2025-08-13,Charger,175.17,7,10,1103.571
2025-08-13,Monitor,117.89,17,20,1603.304
2025-08-13,Tablet,223.16,12,5,2544.024
2025-08-13,Monitor,50.47,1,20,40.376000000000005
2025-08-13,Camera,59.15,18,5,1011.465
2025-08-13,Headphones,84.52,18,10,1369.224
2025-08-13,Keyboard,50.52,2,5,95.988
2025-08-13,Headphones,73.49,7,0,514.43
2025-08-13,Smartphone,70.42,4,20,225.34400000000002
2025-08-13,Laptop,70.38,14,10,886.788
2025-08-13,Headphones,-10.56,3,10,-28.512
2025-08-13,Tablet,-1.91,7,5,-12.7015
2025-08-13,Laptop,133.48,5,20,533.92
2025-08-13,Smartwatch,60.84,15,0,912.6
2025-08-13,Camera,166.46,3,0,499.38
2025-08-13,Monitor,130.58,1,0,130.58
2025-08-13,Smartphone,129.42,15,15,1650.1049999999998
2025-08-13,Tablet,134.31,13,5,1658.7285
2025-08-13,Smartwatch,87.71,19,10,1499.841
2025-08-13,Headphones,99.18,14,0,1388.52
2025-08-13,Headphones,51.75,12,25,465.75
2025-08-13,Camera,136.92,19,0,2601.4799999999996
2025-08-13,Smartphone,104.33,19,10,1784.0430000000001
2025-08-13,Tablet,50.92,12,15,519.3839999999999
2025-08-13,Charger,90.66,14,25,951.9300000000001
2025-08-13,Smartwatch,92.1,13,0,1197.3
2025-08-13,Charger,67.33,19,10,1151.343
2025-08-13,Keyboard,127.13,7,20,711.928
2025-08-13,Headphones,74.44,11,0,818.8399999999999
2025-08-13,Smartwatch,113.95,14,5,1515.5349999999999
2025-08-13,Mouse,132.04,9,0,1188.36
2025-08-13,Charger,124.9,13,10,1461.3300000000002
2025-08-13,Keyboard,209.52,9,5,1791.396
2025-08-13,Mouse,153.68,5,10,691.5600000000001
2025-08-13,Charger,56.98,6,20,273.504
2025-08-13,Laptop,84.49,7,0,591.43
2025-08-13,Monitor,66.87,6,5,381.159
2025-08-13,Tablet,109.79,12,0,1317.48
2025-08-13,Keyboard,148.76,9,10,1204.956
2025-08-13,Charger,120.65,8,25,723.9000000000001
2025-08-14,Monitor,84.54,20,10,1521.7200000000003
2025-08-14,Tablet,110.82,19,15,1789.743
2025-08-14,Smartwatch,74.91,3,10,202.257
2025-08-14,Mouse,176.16,3,5,502.056
2025-08-14,Tablet,141.78,19,5,2559.129
2025-08-14,Mouse,54.78,4,0,219.12
2025-08-14,Smartwatch,206.65,13,0,2686.4500000000003
2025-08-14,Smartphone,30.86,9,0,277.74
2025-08-14,Monitor,126.95,16,15,1726.52
2025-08-14,Smartwatch,157.93,14,25,1658.2649999999999
2025-08-14,Monitor,31.03,18,0,558.54
2025-08-14,Laptop,64.36,6,15,328.236
2025-08-14,Laptop,62.18,15,25,699.5250000000001
2025-08-14,Tablet,35.98,3,15,91.749
2025-08-14,Camera,143.56,7,20,803.9360000000001
2025-08-14,Charger,98.95,8,0,791.6
2025-08-14,Tablet,137.16,18,25,1851.66
2025-08-14,Mouse,64.23,14,5,854.259
2025-08-14,Mouse,77.69,9,0,699.21
2025-08-14,Charger,58.45,10,0,584.5
2025-08-14,Keyboard,151.88,4,25,455.64
2025-08-14,Monitor,32.59,13,15,360.1195000000001
2025-08-14,Camera,120.41,11,0,1324.51
2025-08-14,Keyboard,102.96,19,10,1760.6159999999998
2025-08-14,Monitor,73.01,15,0,1095.15
2025-08-14,Tablet,115.08,13,0,1496.04
2025-08-14,Mouse,58.04,17,5,937.3459999999999
2025-08-14,Smartphone,16.92,12,5,192.888
2025-08-14,Headphones,38.89,12,15,396.678
2025-08-14,Keyboard,65.4,2,0,130.8
2025-08-14,Headphones,45.95,13,15,507.7475
2025-08-14,Monitor,191.57,5,10,862.0649999999999
2025-08-14,Headphones,116.88,14,20,1309.056
2025-08-14,Smartwatch,112.17,2,0,224.34
2025-08-14,Keyboard,109.7,3,15,279.735
2025-08-14,Smartwatch,150.31,2,0,300.62
2025-08-14,Laptop,81.95,11,25,676.0875000000001
2025-08-14,Mouse,59.58,1,25,44.685
2025-08-14,Tablet,125.75,1,15,106.8875
2025-08-14,Smartwatch,112.19,17,0,1907.23
2025-08-14,Smartphone,135.45,17,5,2187.5174999999995
2025-08-14,Mouse,130.53,20,30,1827.4199999999998
2025-08-14,Smartphone,66.15,15,5,942.6375
2025-08-14,Keyboard,165.27,7,10,1041.201
2025-08-15,Smartwatch,44.67,20,10,804.0600000000001
2025-08-15,Mouse,137.6,3,25,309.59999999999997
2025-08-15,Monitor,154.45,4,25,463.34999999999997
2025-08-15,Mouse,50.08,15,0,751.1999999999999
2025-08-15,Monitor,116.56,5,5,553.66
2025-08-15,Mouse,77.79,11,20,684.5520000000001
2025-08-15,Monitor,179.3,12,0,2151.6000000000004
2025-08-15,Smartphone,128.63,5,0,643.15
2025-08-15,Monitor,87.64,19,0,1665.16
2025-08-15,Tablet,154.94,13,25,1510.665
2025-08-15,Mouse,88.16,1,0,88.16
2025-08-15,Keyboard,-30.99,7,5,-206.08349999999996
2025-08-15,Keyboard,172.06,2,15,292.502
2025-08-15,Smartwatch,32.01,15,0,480.15
2025-08-15,Smartwatch,43.77,8,10,315.144
2025-08-15,Mouse,61.11,17,10,934.983
2025-08-15,Keyboard,131.48,16,30,1472.5759999999998
2025-08-15,Headphones,159.75,12,0,1917.0
2025-08-15,Monitor,128.85,11,15,1204.7475
2025-08-15,Charger,104.85,12,0,1258.1999999999998
2025-08-15,Charger,97.99,20,25,1469.85
2025-08-15,Charger,183.27,12,0,2199.2400000000002
2025-08-15,Tablet,118.78,14,20,1330.3360000000002
2025-08-15,Camera,67.67,10,0,676.7
2025-08-15,Keyboard,49.36,20,25,740.4000000000001
2025-08-15,Camera,62.31,18,0,1121.58
2025-08-15,Smartphone,140.68,11,25,1160.6100000000001
2025-08-15,Camera,96.49,8,10,694.728
2025-08-15,Charger,155.17,14,15,1846.5229999999997
2025-08-15,Monitor,43.51,5,15,184.9175
2025-08-15,Smartwatch,46.88,1,0,46.88
2025-08-15,Smartphone,107.34,11,5,1121.703
2025-08-15,Laptop,80.73,6,15,411.723
2025-08-15,Smartwatch,111.6,4,0,446.4
2025-08-15,Smartwatch,51.08,13,30,464.8279999999999
2025-08-15,Keyboard,83.62,2,0,167.24
2025-08-15,Tablet,38.96,19,25,555.1800000000001
2025-08-15,Mouse,137.95,6,15,703.545
2025-08-15,Monitor,77.5,13,0,1007.5
2025-08-15,Charger,117.14,12,20,1124.544
2025-08-15,Mouse,96.87,20,25,1453.0500000000002
2025-08-15,Tablet,157.14,10,5,1492.8299999999997
2025-08-15,Tablet,82.04,10,0,820.4000000000001
2025-08-15,Smartphone,158.46,12,25,1426.1399999999999
2025-08-15,Charger,79.41,19,5,1433.3505
2025-08-15,Monitor,15.38,15,20,184.56000000000003
2025-08-15,Keyboard,76.04,12,30,638.736
2025-08-15,Laptop,106.54,5,5,506.065
2025-08-15,Camera,77.03,5,20,308.12
2025-08-15,Monitor,155.44,16,10,2238.3360000000002
2025-08-15,Monitor,99.05,5,30,346.67499999999995
2025-08-16,Charger,124.6,4,30,348.87999999999994
2025-08-16,Smartphone,107.69,8,10,775.368
2025-08-16,Laptop,29.91,10,20,239.28000000000003
2025-08-16,Camera,83.21,8,15,565.828
2025-08-16,Tablet,170.14,10,5,1616.3299999999997
2025-08-16,Camera,117.38,18,5,2007.198
2025-08-16,Monitor,101.76,14,10,1282.1760000000002
2025-08-16,Smartwatch,152.66,20,5,2900.5399999999995
2025-08-16,Monitor,95.24,12,10,1028.5919999999999
2025-08-16,Smartwatch,122.19,14,15,1454.061
2025-08-16,Keyboard,141.7,5,10,637.65
2025-08-16,Smartphone,33.99,8,5,258.324
2025-08-16,Smartphone,130.52,3,20,313.24800000000005
2025-08-16,Mouse,38.15,12,0,457.79999999999995
2025-08-16,Mouse,113.52,2,30,158.928
2025-08-16,Headphones,76.4,11,5,798.38
2025-08-16,Smartwatch,60.09,7,15,357.5355
2025-08-16,Headphones,135.42,17,20,1841.712
2025-08-16,Smartwatch,128.53,13,25,1253.1675
2025-08-16,Charger,125.2,8,20,801.2800000000001
2025-08-16,Keyboard,28.21,16,10,406.22400000000005
2025-08-16,Keyboard,109.33,18,5,1869.543
2025-08-16,Keyboard,103.7,17,0,1762.9
2025-08-16,Keyboard,134.81,8,15,916.708
2025-08-16,Mouse,100.65,20,5,1912.35
2025-08-16,Tablet,87.37,8,0,698.96
2025-08-16,Monitor,80.75,3,0,242.25
2025-08-16,Smartwatch,108.57,12,30,911.9879999999998
2025-08-16,Monitor,66.91,13,0,869.8299999999999
2025-08-16,Camera,97.72,16,0,1563.52
2025-08-16,Smartphone,124.84,12,10,1348.272
2025-08-16,Keyboard,76.12,18,10,1233.144
2025-08-16,Mouse,124.67,11,25,1028.5275000000001
2025-08-16,Laptop,67.41,20,5,1280.7899999999997
2025-08-16,Keyboard,36.16,4,0,144.64
2025-08-16,Smartphone,193.84,8,0,1550.72
2025-08-16,Tablet,144.98,2,5,275.462
2025-08-16,Charger,97.61,20,10,1756.98
2025-08-16,Camera,121.27,1,0,121.27
2025-08-16,Charger,131.42,13,0,1708.4599999999998
2025-08-16,Smartwatch,130.8,17,20,1778.8800000000003
2025-08-16,Charger,41.57,11,0,457.27
2025-08-16,Mouse,168.34,20,25,2525.1000000000004
2025-08-16,Laptop,82.86,20,25,1242.9
2025-08-17,Smartphone,92.88,5,30,325.08
2025-08-17,Tablet,175.12,12,25,1576.08
2025-08-17,Monitor,53.84,1,25,40.38
2025-08-17,Laptop,36.96,17,10,565.488
2025-08-17,Smartwatch,-1.96,16,5,-29.791999999999998
2025-08-17,Headphones,23.72,5,15,100.80999999999999
2025-08-17,Monitor,46.46,8,30,260.176
2025-08-17,Mouse,137.85,4,0,551.4
2025-08-17,Monitor,135.7,8,0,1085.6
2025-08-17,Smartwatch,74.12,6,20,355.77600000000007
2025-08-17,Camera,143.62,14,30,1407.4759999999999
2025-08-17,Keyboard,110.44,14,0,1546.1599999999999
2025-08-17,Tablet,40.19,17,0,683.23
2025-08-17,Smartphone,72.39,3,30,152.019
2025-08-17,Camera,138.73,10,10,1248.57
2025-08-17,Headphones,55.08,14,0,771.12
2025-08-17,Mouse,64.01,19,10,1094.5710000000001
2025-08-17,Headphones,292.64,14,10,3687.264
2025-08-17,Laptop,172.08,2,5,326.952
2025-08-17,Mouse,89.59,11,0,985.49
2025-08-17,Camera,110.38,6,0,662.28
2025-08-17,Headphones,22.17,14,10,279.342
2025-08-17,Camera,68.87,4,30,192.836
2025-08-17,Monitor,102.37,18,15,1566.261
2025-08-17,Smartphone,114.49,4,25,343.46999999999997
2025-08-17,Monitor,117.18,3,15,298.809
2025-08-17,Monitor,116.2,19,0,2207.8
2025-08-17,Laptop,194.31,17,0,3303.27
2025-08-17,Mouse,173.89,8,20,1112.896
2025-08-17,Headphones,90.8,15,10,1225.8
2025-08-17,Camera,114.81,6,0,688.86
2025-08-17,Smartwatch,98.25,4,25,294.75
2025-08-17,Camera,118.07,15,0,1771.05
2025-08-18,Mouse,-2.09,5,0,-10.45
2025-08-18,Camera,89.02,13,25,867.9449999999999
2025-08-18,Charger,108.89,4,0,435.56
2025-08-18,Tablet,153.27,4,5,582.426
2025-08-18,Smartwatch,109.24,10,20,873.92
2025-08-18,Smartphone,72.32,6,0,433.91999999999996
2025-08-18,Mouse,125.97,1,15,107.0745
2025-08-18,Laptop,112.52,2,30,157.528
2025-08-18,Laptop,96.28,5,10,433.26
2025-08-18,Smartphone,65.9,11,20,579.9200000000001
2025-08-18,Tablet,87.73,2,0,175.46
2025-08-18,Camera,90.48,20,0,1809.6000000000001
2025-08-18,Charger,125.75,16,25,1509.0
2025-08-18,Charger,148.58,2,10,267.444
2025-08-18,Smartwatch,131.14,17,0,2229.3799999999997
2025-08-18,Smartphone,104.97,20,5,1994.43
2025-08-18,Keyboard,97.02,14,15,1154.538
2025-08-18,Tablet,29.67,3,0,89.01
2025-08-18,Camera,58.38,19,10,998.298
2025-08-18,Camera,176.64,17,25,2252.16
2025-08-18,Monitor,95.51,7,20,534.8560000000001
2025-08-18,Smartphone,68.11,13,30,619.8009999999999
2025-08-18,Smartphone,148.63,20,0,2972.6
2025-08-18,Charger,0.62,3,30,1.3019999999999998
2025-08-18,Smartphone,154.04,3,10,415.908
2025-08-18,Tablet,117.32,9,15,897.4979999999998
2025-08-18,Tablet,132.14,10,0,1321.3999999999999
2025-08-18,Monitor,95.04,2,0,190.08
2025-08-18,Tablet,75.79,3,0,227.37
2025-08-18,Charger,119.96,13,15,1325.558
2025-08-18,Smartwatch,108.32,20,0,2166.3999999999996
2025-08-18,Camera,71.44,4,10,257.184
2025-08-19,Smartwatch,66.18,4,15,225.01200000000003
2025-08-19,Tablet,88.29,3,0,264.87
2025-08-19,Laptop,100.26,9,0,902.34
2025-08-19,Charger,144.48,16,10,2080.5119999999997
2025-08-19,Monitor,203.04,6,5,1157.328
2025-08-19,Laptop,125.36,13,0,1629.68
2025-08-19,Tablet,183.45,11,20,1614.36
2025-08-19,Laptop,98.34,1,30,68.838
2025-08-19,Smartphone,109.17,10,20,873.3600000000001
2025-08-19,Mouse,17.26,12,30,144.98399999999998
2025-08-19,Mouse,123.57,1,25,92.6775
2025-08-19,Smartphone,132.27,11,10,1309.473
2025-08-19,Camera,89.33,19,5,1612.4064999999998
2025-08-19,Smartwatch,118.43,11,0,1302.73
2025-08-19,Charger,53.65,2,20,85.84
2025-08-19,Monitor,115.55,4,0,462.2
2025-08-19,Monitor,112.99,15,0,1694.85
2025-08-19,Headphones,253.94,11,20,2234.672
2025-08-19,Monitor,96.36,5,15,409.53
2025-08-19,Headphones,19.63,12,20,188.448
2025-08-19,Headphones,92.65,15,10,1250.775
2025-08-19,Smartwatch,96.28,19,0,1829.32
2025-08-19,Laptop,156.33,4,10,562.788
2025-08-19,Charger,148.43,14,15,1766.317
2025-08-19,Keyboard,-6.19,7,10,-38.99700000000001
2025-08-19,Headphones,203.77,4,20,652.0640000000001
2025-08-19,Keyboard,61.31,3,20,147.144
2025-08-19,Laptop,88.45,20,5,1680.55
2025-08-19,Camera,97.15,12,5,1107.5100000000002
2025-08-19,Keyboard,98.36,8,0,786.88
2025-08-19,Smartphone,111.19,2,5,211.261
2025-08-20,Smartphone,59.09,10,15,502.26500000000004
2025-08-20,Camera,85.57,3,20,205.368
2025-08-20,Laptop,135.02,7,0,945.1400000000001
2025-08-20,Camera,61.08,19,10,1044.468
2025-08-20,Smartwatch,49.6,20,10,892.8000000000001
2025-08-20,Laptop,143.48,20,20,2295.68
2025-08-20,Monitor,73.86,20,15,1255.6200000000001
2025-08-20,Monitor,104.35,19,25,1486.9875
2025-08-20,Camera,154.71,17,30,1841.049
2025-08-20,Keyboard,88.27,15,20,1059.24
2025-08-20,Headphones,127.35,18,5,2177.6849999999995
2025-08-20,Laptop,74.65,18,5,1276.5149999999999
2025-08-20,Smartphone,107.52,4,20,344.064
2025-08-20,Smartphone,182.25,4,15,619.65
2025-08-20,Laptop,109.32,19,20,1661.664
2025-08-20,Smartwatch,113.83,12,20,1092.768
2025-08-20,Monitor,75.73,9,0,681.57
2025-08-20,Laptop,-34.84,17,25,-444.21000000000004
2025-08-20,Keyboard,101.05,12,5,1151.9699999999998
2025-08-20,Tablet,51.12,14,5,679.896
2025-08-20,Smartphone,106.46,17,0,1809.82
2025-08-20,Laptop,105.32,15,0,1579.8
2025-08-20,Laptop,76.45,19,10,1307.295
2025-08-20,Smartwatch,144.08,13,10,1685.736
2025-08-20,Smartwatch,89.3,11,0,982.3
2025-08-20,Laptop,116.68,13,5,1440.998
2025-08-20,Charger,204.62,4,25,613.86
2025-08-20,Mouse,120.09,5,10,540.4050000000001
2025-08-20,Laptop,92.0,18,25,1242.0
2025-08-20,Laptop,65.95,15,0,989.25
2025-08-20,Smartwatch,103.67,5,5,492.4325
2025-08-20,Keyboard,33.23,15,10,448.60499999999996
2025-08-20,Monitor,92.22,9,20,663.984
2025-08-20,Smartwatch,43.73,17,25,557.5575
2025-08-20,Headphones,81.43,18,0,1465.7400000000002
2025-08-20,Monitor,119.27,18,5,2039.517
2025-08-20,Camera,36.02,15,15,459.25500000000005
2025-08-20,Keyboard,101.34,11,10,1003.2660000000001
2025-08-20,Headphones,14.83,8,0,118.64
2025-08-20,Smartwatch,48.24,12,10,520.992
2025-08-20,Smartwatch,79.24,2,0,158.48
2025-08-20,Smartphone,29.38,11,0,323.18
2025-08-20,Keyboard,102.32,6,0,613.92
2025-08-21,Mouse,133.74,9,10,1083.294
2025-08-21,Monitor,119.72,16,10,1723.968
2025-08-21,Smartwatch,103.87,14,10,1308.7620000000002
2025-08-21,Camera,142.48,4,5,541.424
2025-08-21,Smartphone,208.16,20,15,3538.72
2025-08-21,Smartwatch,140.63,19,25,2003.9775
2025-08-21,Laptop,70.03,11,0,770.33
2025-08-21,Monitor,111.11,18,30,1399.9859999999999
2025-08-21,Smartphone,93.49,7,15,556.2655
2025-08-21,Smartwatch,76.54,4,20,244.92800000000003
2025-08-21,Charger,70.03,9,20,504.216
2025-08-21,Smartphone,51.06,17,25,651.015
2025-08-21,Smartphone,23.29,18,20,335.376
2025-08-21,Headphones,73.71,14,20,825.5519999999999
2025-08-21,Charger,141.13,19,10,2413.323
2025-08-21,Laptop,135.55,16,25,1626.6000000000001
2025-08-21,Headphones,111.61,20,10,2008.9799999999998
2025-08-21,Keyboard,39.99,12,30,335.916
2025-08-21,Laptop,150.72,15,0,2260.8
2025-08-21,Tablet,134.09,7,30,657.0409999999999
2025-08-21,Keyboard,48.78,3,15,124.389
2025-08-21,Laptop,18.62,2,15,31.654
2025-08-21,Keyboard,200.51,4,20,641.6320000000001
2025-08-21,Laptop,95.2,13,5,1175.72
2025-08-21,Camera,48.67,17,5,786.0205
2025-08-21,Tablet,176.48,17,5,2850.1519999999996
2025-08-21,Keyboard,157.97,10,15,1342.745
2025-08-21,Keyboard,177.53,6,15,905.403
2025-08-21,Smartphone,83.27,7,30,408.02299999999997
2025-08-22,Mouse,74.83,8,25,448.98
2025-08-22,Headphones,110.42,19,30,1468.586
2025-08-22,Smartwatch,119.12,5,0,595.6
2025-08-22,Smartphone,24.21,5,10,108.94500000000001
2025-08-22,Charger,30.99,12,10,334.692
2025-08-22,Tablet,60.36,1,5,57.342
2025-08-22,Monitor,152.45,20,0,3049.0
2025-08-22,Charger,81.82,7,0,572.74
2025-08-22,Keyboard,103.58,13,0,1346.54
2025-08-22,Camera,52.22,20,15,887.74
2025-08-22,Camera,103.79,13,5,1281.8065
2025-08-22,Smartwatch,112.25,4,20,359.20000000000005
2025-08-22,Tablet,90.72,20,25,1360.8000000000002
2025-08-22,Monitor,29.62,3,0,88.86
2025-08-22,Laptop,72.78,3,25,163.755
2025-08-22,Laptop,76.71,18,15,1173.663
2025-08-22,Mouse,60.16,2,0,120.32
2025-08-22,Laptop,140.64,4,10,506.304
2025-08-22,Monitor,2.02,4,0,8.08
2025-08-22,Charger,57.51,1,20,46.008
2025-08-22,Smartphone,37.71,10,10,339.39000000000004
2025-08-22,Laptop,76.97,5,10,346.365
2025-08-22,Keyboard,-4.1,17,25,-52.27499999999999
2025-08-22,Camera,190.62,17,5,3078.513
2025-08-22,Smartphone,100.63,11,10,996.2369999999999
2025-08-22,Smartwatch,7.96,5,0,39.8
2025-08-22,Smartwatch,62.23,12,5,709.4219999999999
2025-08-22,Tablet,24.26,15,0,363.90000000000003
2025-08-22,Charger,163.35,8,10,1176.12
2025-08-22,Camera,58.89,17,10,901.017
2025-08-22,Tablet,50.71,18,5,867.141
2025-08-22,Keyboard,131.21,12,0,1574.52
2025-08-22,Mouse,102.79,8,0,822.32
2025-08-22,Laptop,55.81,17,5,901.3314999999999
2025-08-22,Mouse,67.74,2,15,115.15799999999999
2025-08-22,Camera,73.86,13,5,912.1709999999999
2025-08-22,Tablet,30.07,2,20,48.112
2025-08-22,Smartwatch,113.35,19,15,1830.6025
2025-08-22,Monitor,76.25,15,0,1143.75
2025-08-22,Tablet,74.31,12,5,847.134
2025-08-22,Laptop,159.42,12,5,1817.388
2025-08-22,Smartwatch,89.04,5,20,356.1600000000001
2025-08-22,Camera,32.78,6,0,196.68
2025-08-22,Charger,101.49,14,25,1065.645
2025-08-22,Headphones,78.66,19,10,1345.086
2025-08-22,Monitor,99.33,13,25,968.4675
2025-08-22,Keyboard,69.99,11,10,692.901
2025-08-22,Smartphone,37.44,8,0,299.52
2025-08-22,Laptop,83.7,8,10,602.64
2025-08-22,Mouse,86.53,10,5,822.035
2025-08-22,Smartwatch,146.2,14,0,2046.7999999999997
2025-08-23,Mouse,38.11,11,0,419.21
2025-08-23,Monitor,120.25,17,0,2044.25
2025-08-23,Monitor,127.17,9,30,801.1709999999999
2025-08-23,Mouse,73.46,4,20,235.072
2025-08-23,Smartwatch,213.53,15,25,2402.2124999999996
2025-08-23,Laptop,160.06,17,10,2448.918
2025-08-23,Monitor,157.19,5,15,668.0575
2025-08-23,Smartwatch,109.55,7,5,728.5074999999999
2025-08-23,Smartphone,72.75,18,0,1309.5
2025-08-23,Mouse,125.66,10,10,1130.94
2025-08-23,Camera,58.73,10,5,557.935
2025-08-23,Smartwatch,53.11,1,15,45.143499999999996
2025-08-23,Smartphone,87.02,1,15,73.967
2025-08-23,Camera,178.87,10,10,1609.8300000000002
2025-08-23,Tablet,120.64,20,25,1809.6000000000001
2025-08-23,Smartphone,40.43,5,5,192.0425
2025-08-23,Smartphone,116.72,4,15,396.848
2025-08-23,Laptop,172.19,16,10,2479.536
2025-08-23,Mouse,102.91,15,0,1543.6499999999999
2025-08-23,Smartphone,129.76,10,0,1297.6
2025-08-23,Smartphone,20.28,6,25,91.26
2025-08-23,Smartwatch,55.27,17,0,939.59
2025-08-23,Headphones,110.55,9,0,994.9499999999999
2025-08-23,Headphones,28.76,6,20,138.048
2025-08-23,Tablet,189.88,8,5,1443.088
2025-08-23,Camera,101.3,10,0,1013.0
2025-08-23,Camera,91.15,7,0,638.0500000000001
2025-08-23,Tablet,104.09,16,0,1665.44
2025-08-23,Tablet,228.67,15,25,2572.5375
2025-08-23,Charger,147.7,9,30,930.5099999999999
2025-08-23,Keyboard,61.61,16,10,887.184
2025-08-23,Mouse,158.39,3,5,451.41149999999993
2025-08-23,Smartphone,137.36,15,15,1751.34
2025-08-23,Keyboard,102.28,6,0,613.6800000000001
2025-08-23,Tablet,54.6,7,5,363.09
2025-08-23,Camera,134.51,15,0,2017.6499999999999
2025-08-23,Mouse,176.9,2,5,336.11
2025-08-24,Keyboard,118.33,20,10,2129.94
2025-08-24,Smartwatch,190.05,14,25,1995.525
2025-08-24,Smartphone,111.37,17,5,1798.6254999999999
2025-08-24,Keyboard,167.69,9,25,1131.9075
2025-08-24,Monitor,71.89,18,5,1229.319
2025-08-24,Monitor,35.98,6,5,205.08599999999998
2025-08-24,Monitor,167.81,9,20,1208.232
2025-08-24,Camera,77.67,2,10,139.806
2025-08-24,Headphones,174.0,10,5,1653.0
2025-08-24,Laptop,88.05,4,5,334.59
2025-08-24,Tablet,120.2,6,0,721.2
2025-08-24,Camera,110.15,19,20,1674.28
2025-08-24,Mouse,141.52,13,20,1471.8080000000002
2025-08-24,Monitor,72.24,7,10,455.11199999999997
2025-08-24,Monitor,56.22,14,0,787.0799999999999
2025-08-24,Smartwatch,44.47,4,10,160.092
2025-08-24,Laptop,97.29,5,5,462.1275
2025-08-24,Camera,103.43,12,0,1241.16
2025-08-24,Tablet,51.65,10,0,516.5
2025-08-24,Headphones,172.68,13,10,2020.3560000000002
2025-08-24,Laptop,75.35,19,20,1145.32
2025-08-24,Charger,19.36,9,30,121.968
2025-08-24,Monitor,14.87,5,5,70.6325
2025-08-24,Charger,93.6,5,20,374.40000000000003
2025-08-24,Monitor,25.72,4,30,72.01599999999999
2025-08-24,Smartwatch,139.35,19,0,2647.65
2025-08-24,Smartphone,45.95,15,0,689.25
2025-08-24,Smartphone,128.15,2,25,192.22500000000002
2025-08-24,Keyboard,105.78,2,0,211.56
2025-08-24,Laptop,87.62,6,15,446.862
2025-08-25,Mouse,125.88,16,25,1510.56
2025-08-25,Smartphone,88.95,18,5,1521.045
2025-08-25,Headphones,107.52,14,20,1204.224
2025-08-25,Monitor,46.5,10,30,325.5
2025-08-25,Mouse,127.99,10,0,1279.8999999999999
2025-08-25,Monitor,173.28,20,10,3119.04
2025-08-25,Camera,129.66,8,0,1037.28
2025-08-25,Keyboard,93.71,8,0,749.68
2025-08-25,Charger,54.62,14,0,764.68
2025-08-25,Laptop,132.51,6,0,795.06
2025-08-25,Smartphone,105.71,8,30,591.9759999999999
2025-08-25,Keyboard,63.48,6,5,361.83599999999996
2025-08-25,Charger,119.2,3,5,339.72
2025-08-25,Tablet,110.17,12,10,1189.836
2025-08-25,Smartphone,74.09,15,25,833.5125
2025-08-25,Laptop,58.01,17,30,690.319
2025-08-25,Monitor,-15.1,11,20,-132.88
2025-08-25,Laptop,110.7,1,5,105.16499999999999
2025-08-25,Keyboard,122.39,6,20,587.4720000000001
2025-08-25,Keyboard,132.93,6,10,717.822
2025-08-25,Camera,106.65,19,5,1925.0325
2025-08-25,Mouse,94.65,16,10,1362.96
2025-08-25,Camera,98.21,4,20,314.272
2025-08-25,Charger,114.29,5,0,571.45
2025-08-25,Monitor,215.73,13,5,2664.2654999999995
2025-08-25,Smartphone,116.35,18,15,1780.1549999999997
2025-08-25,Headphones,207.2,18,5,3543.12
2025-08-25,Charger,170.47,1,0,170.47
2025-08-25,Mouse,43.55,18,0,783.9
2025-08-25,Tablet,103.21,2,15,175.457
2025-08-25,Mouse,90.75,18,30,1143.4499999999998
2025-08-25,Monitor,52.53,10,0,525.3
2025-08-25,Keyboard,69.91,12,25,629.1899999999999
2025-08-25,Charger,181.62,2,0,363.24
2025-08-25,Keyboard,116.31,9,20,837.432
2025-08-25,Camera,37.42,16,20,478.97600000000006
2025-08-25,Monitor,49.7,20,0,994.0
2025-08-25,Keyboard,5.52,8,20,35.327999999999996
2025-08-25,Monitor,138.54,14,10,1745.604
2025-08-25,Smartwatch,172.01,20,30,2408.14
2025-08-25,Camera,151.46,1,10,136.31400000000002
2025-08-25,Keyboard,139.09,6,10,751.086
2025-08-25,Camera,99.07,17,0,1684.1899999999998
2025-08-25,Tablet,151.62,6,0,909.72
